product_id,product_name,category,subcategory,brand,price,cost,discount_percent,rating,stock_quantity,seller,launch_date
PRD_000001,Pinegrove_Fragrance_1,Beauty,Fragrance,Pinegrove,118.55,86.17,5,3.4,472,ShopSmart_Official,2025-05-07
PRD_000002,Urbanix_Haircare_2,Beauty,Haircare,Urbanix,23.91,16.92,10,4.8,1555,ShopSmart_Official,2022-05-25
PRD_000003,Lumo_Tools_3,Beauty,Tools,Lumo,8.6,5.54,15,4.0,1495,PartnerHub,2021-07-12
PRD_000004,Marlow_Children_4,Books,Children,Marlow,36.39,20.36,0,4.2,573,ValueMart,2020-01-23
PRD_000005,Northfield_Fragrance_5,Beauty,Fragrance,Northfield,16.89,11.18,15,3.8,709,ValueMart,2023-11-19
PRD_000006,Nova_Cycling_6,Sports,Cycling,Nova,156.7,114.67,5,4.1,104,MarketPlus,2020-04-21
PRD_000007,Urbanix_Footwear_7,Fashion,Footwear,Urbanix,83.59,60.32,0,4.6,1025,ValueMart,2020-03-10
PRD_000008,Pinegrove_Women_8,Fashion,Women,Pinegrove,194.82,145.22,0,4.5,538,PrimeSellers,2024-06-16
PRD_000009,Solace_Accessories_9,Fashion,Accessories,Solace,59.85,34.16,15,3.7,738,ValueMart,2022-07-24
PRD_000010,Urbanix_Storage_10,Home,Storage,Urbanix,53.53,35.25,30,2.2,1256,ValueMart,2025-04-23
PRD_000011,Everline_Children_11,Books,Children,Everline,6.3,4.29,25,4.7,1594,TopDeals_Co,2024-10-30
PRD_000012,Zenith_Kids_12,Fashion,Kids,Zenith,237.91,130.15,15,2.3,127,PartnerHub,2022-04-09
PRD_000013,Pinegrove_Fragrance_13,Beauty,Fragrance,Pinegrove,23.69,16.69,15,3.8,839,PartnerHub,2022-10-21
PRD_000014,Quanta_Furniture_14,Home,Furniture,Quanta,284.17,143.78,0,4.1,1797,ValueMart,2025-08-03
PRD_000015,Nova_Accessories_15,Electronics,Accessories,Nova,706.94,514.24,10,3.2,1981,PrimeSellers,2021-12-19
PRD_000016,Quanta_Kitchen_16,Home,Kitchen,Quanta,163.84,78.87,0,2.7,522,PartnerHub,2020-09-09
PRD_000017,Marlow_Mobile_17,Electronics,Mobile,Marlow,1061.67,484.65,10,2.8,1804,TopDeals_Co,2024-12-04
PRD_000018,Everline_Haircare_18,Beauty,Haircare,Everline,53.72,29.7,5,4.7,1672,PrimeSellers,2023-07-30
PRD_000019,Zenith_Laptop_19,Electronics,Laptop,Zenith,243.82,178.38,15,4.4,1002,PartnerHub,2025-08-09
PRD_000020,Northfield_Laptop_20,Electronics,Laptop,Northfield,452.93,261.33,10,4.6,630,PartnerHub,2024-10-03
PRD_000021,Crestwood_Footwear_21,Fashion,Footwear,Crestwood,214.0,124.23,0,4.3,1580,MarketPlus,2025-01-29
PRD_000022,Marlow_Footwear_22,Fashion,Footwear,Marlow,53.57,34.03,20,3.6,884,ValueMart,2025-01-10
PRD_000023,Quanta_Comics_23,Books,Comics,Quanta,22.67,16.58,0,4.6,858,PrimeSellers,2025-01-13
PRD_000024,Lumo_Mobile_24,Electronics,Mobile,Lumo,94.11,50.37,25,2.0,1726,PartnerHub,2021-11-13
PRD_000025,Nova_Kids_25,Fashion,Kids,Nova,37.38,17.84,25,3.9,482,ShopSmart_Official,2024-02-03
PRD_000026,Pinegrove_Headphones_26,Electronics,Headphones,Pinegrove,614.68,310.95,30,4.1,468,PrimeSellers,2023-03-02
PRD_000027,Urbanix_Women_27,Fashion,Women,Urbanix,232.89,165.97,10,2.2,1665,PrimeSellers,2023-07-12
PRD_000028,Everline_Bedding_28,Home,Bedding,Everline,342.65,250.18,15,4.1,1195,PartnerHub,2024-03-24
PRD_000029,Lumo_Kitchen_29,Home,Kitchen,Lumo,263.14,155.55,0,3.5,72,PrimeSellers,2021-03-03
PRD_000030,Northfield_NonFiction_30,Books,NonFiction,Northfield,51.49,29.45,25,4.5,1499,PartnerHub,2025-10-16
PRD_000031,Vireo_Mobile_31,Electronics,Mobile,Vireo,72.17,48.33,30,3.1,550,ShopSmart_Official,2023-01-21
PRD_000032,Marlow_Laptop_32,Electronics,Laptop,Marlow,142.64,83.75,0,3.3,987,PrimeSellers,2025-11-29
PRD_000033,Northfield_Fitness_33,Sports,Fitness,Northfield,331.91,228.77,0,3.3,1696,PrimeSellers,2021-03-22
PRD_000034,Vireo_Men_34,Fashion,Men,Vireo,186.79,125.09,0,4.2,539,ShopSmart_Official,2022-06-04
PRD_000035,Nova_Team_Sports_35,Sports,Team_Sports,Nova,385.66,255.29,5,3.7,1278,PrimeSellers,2025-01-08
PRD_000036,Pinegrove_Headphones_36,Electronics,Headphones,Pinegrove,524.22,299.57,0,4.5,97,MarketPlus,2024-04-05
PRD_000037,Lumo_Bedding_37,Home,Bedding,Lumo,80.12,55.62,5,3.5,1459,PartnerHub,2025-10-05
PRD_000038,Everline_Footwear_38,Fashion,Footwear,Everline,23.9,13.74,0,4.0,1341,PartnerHub,2024-01-13
PRD_000039,Pinegrove_Apparel_39,Sports,Apparel,Pinegrove,287.97,199.36,0,3.3,598,PrimeSellers,2021-06-15
PRD_000040,Pinegrove_Men_40,Fashion,Men,Pinegrove,10.08,5.5,0,2.6,1856,ValueMart,2020-12-29
PRD_000041,Crestwood_Decor_41,Home,Decor,Crestwood,182.9,121.9,15,3.2,1041,PrimeSellers,2024-10-12
PRD_000042,Everline_Decor_42,Home,Decor,Everline,151.26,79.81,15,4.5,764,ShopSmart_Official,2022-12-08
PRD_000043,Solace_Mobile_43,Electronics,Mobile,Solace,186.05,85.41,30,3.7,1780,TopDeals_Co,2020-08-26
PRD_000044,Lumo_Accessories_44,Electronics,Accessories,Lumo,1499.58,682.96,0,4.5,699,TopDeals_Co,2024-01-26
PRD_000045,Quanta_Kitchen_45,Home,Kitchen,Quanta,473.49,313.08,0,3.9,1947,TopDeals_Co,2023-08-23
PRD_000046,Zenith_Apparel_46,Sports,Apparel,Zenith,213.5,138.94,20,3.9,463,PrimeSellers,2024-10-26
PRD_000047,Everline_Makeup_47,Beauty,Makeup,Everline,81.81,60.04,0,4.1,167,ShopSmart_Official,2024-03-01
PRD_000048,Nova_Children_48,Books,Children,Nova,57.84,33.18,5,1.8,617,PrimeSellers,2025-01-09
PRD_000049,Crestwood_Camera_49,Electronics,Camera,Crestwood,792.49,443.42,0,3.1,1458,PrimeSellers,2021-06-17
PRD_000050,Marlow_Fitness_50,Sports,Fitness,Marlow,89.6,59.07,20,2.8,157,TopDeals_Co,2023-05-23
PRD_000051,Pinegrove_Haircare_51,Beauty,Haircare,Pinegrove,8.85,5.61,0,3.4,381,PartnerHub,2023-12-29
PRD_000052,Solace_Women_52,Fashion,Women,Solace,46.78,23.55,0,3.0,1564,ShopSmart_Official,2022-06-28
PRD_000053,Quanta_Storage_53,Home,Storage,Quanta,475.53,347.98,5,4.9,1878,ValueMart,2024-09-27
PRD_000054,Pinegrove_Bedding_54,Home,Bedding,Pinegrove,163.79,88.5,0,3.5,1366,PrimeSellers,2021-02-17
PRD_000055,Crestwood_Makeup_55,Beauty,Makeup,Crestwood,53.92,28.8,5,4.1,1533,TopDeals_Co,2023-06-10
PRD_000056,Nova_Team_Sports_56,Sports,Team_Sports,Nova,322.9,185.06,30,2.3,760,MarketPlus,2024-07-27
PRD_000057,Northfield_Kids_57,Fashion,Kids,Northfield,20.12,14.45,0,3.9,1980,PrimeSellers,2020-12-14
PRD_000058,Pinegrove_Skincare_58,Beauty,Skincare,Pinegrove,69.15,51.21,25,3.6,681,PrimeSellers,2023-01-10
PRD_000059,Marlow_Apparel_59,Sports,Apparel,Marlow,51.85,29.08,20,3.1,1190,PrimeSellers,2024-11-08
PRD_000060,Solace_Mobile_60,Electronics,Mobile,Solace,310.92,225.83,0,3.1,559,PartnerHub,2022-06-30
PRD_000061,Solace_Storage_61,Home,Storage,Solace,207.77,98.95,0,3.4,1612,ValueMart,2025-05-17
PRD_000062,Everline_Kids_62,Fashion,Kids,Everline,22.7,15.41,15,3.0,1944,TopDeals_Co,2023-06-14
PRD_000063,Quanta_Furniture_63,Home,Furniture,Quanta,438.32,274.26,15,3.9,1969,TopDeals_Co,2022-09-20
PRD_000064,Quanta_Camera_64,Electronics,Camera,Quanta,315.92,145.78,25,4.1,1991,TopDeals_Co,2022-05-08
PRD_000065,Quanta_Haircare_65,Beauty,Haircare,Quanta,101.96,51.23,0,4.1,1581,PrimeSellers,2020-02-10
PRD_000066,Lumo_Team_Sports_66,Sports,Team_Sports,Lumo,367.37,250.79,5,3.4,24,ShopSmart_Official,2025-01-17
PRD_000067,Lumo_Cycling_67,Sports,Cycling,Lumo,311.0,198.33,10,4.7,1696,ValueMart,2026-04-26
PRD_000068,Nova_Fitness_68,Sports,Fitness,Nova,369.76,167.71,25,4.0,815,TopDeals_Co,2025-10-15
PRD_000069,Solace_Camera_69,Electronics,Camera,Solace,402.89,203.94,30,4.3,1899,PartnerHub,2024-11-10
PRD_000070,Everline_Makeup_70,Beauty,Makeup,Everline,47.31,33.01,25,3.0,766,ShopSmart_Official,2024-08-20
PRD_000071,Quanta_Women_71,Fashion,Women,Quanta,96.32,67.09,0,4.7,1606,TopDeals_Co,2024-10-10
PRD_000072,Marlow_Bedding_72,Home,Bedding,Marlow,511.52,346.76,0,2.7,45,PartnerHub,2021-09-20
PRD_000073,Pinegrove_Bedding_73,Home,Bedding,Pinegrove,459.36,297.41,25,3.1,1676,MarketPlus,2025-11-24
PRD_000074,Zenith_Cycling_74,Sports,Cycling,Zenith,362.44,167.35,5,4.2,683,PartnerHub,2023-08-08
PRD_000075,Zenith_Makeup_75,Beauty,Makeup,Zenith,10.18,5.31,15,3.0,1203,TopDeals_Co,2023-04-25
PRD_000076,Crestwood_Laptop_76,Electronics,Laptop,Crestwood,1445.65,844.21,0,4.2,72,ValueMart,2020-09-09
PRD_000077,Zenith_Furniture_77,Home,Furniture,Zenith,292.18,134.7,25,4.1,767,PartnerHub,2022-11-09
PRD_000078,Quanta_Makeup_78,Beauty,Makeup,Quanta,102.79,48.67,20,3.9,835,ValueMart,2025-11-30
PRD_000079,Quanta_Mobile_79,Electronics,Mobile,Quanta,540.65,268.83,5,4.0,843,MarketPlus,2022-07-08
PRD_000080,Northfield_Men_80,Fashion,Men,Northfield,68.69,35.61,30,4.8,1055,ShopSmart_Official,2025-10-12
PRD_000081,Everline_Accessories_81,Electronics,Accessories,Everline,1474.72,741.37,10,3.4,17,TopDeals_Co,2023-07-27
PRD_000082,Everline_Outdoor_82,Sports,Outdoor,Everline,43.31,30.78,20,4.0,644,PartnerHub,2024-11-05
PRD_000083,Zenith_Footwear_83,Fashion,Footwear,Zenith,147.18,80.5,5,4.8,1923,ValueMart,2023-02-26
PRD_000084,Crestwood_Skincare_84,Beauty,Skincare,Crestwood,10.65,6.07,5,3.5,1219,PrimeSellers,2024-10-03
PRD_000085,Quanta_Haircare_85,Beauty,Haircare,Quanta,51.25,26.43,0,4.4,156,PartnerHub,2020-03-02
PRD_000086,Nova_Camera_86,Electronics,Camera,Nova,923.93,444.67,0,2.5,1345,PrimeSellers,2024-06-03
PRD_000087,Nova_Kids_87,Fashion,Kids,Nova,59.18,40.14,0,3.8,714,ShopSmart_Official,2024-08-22
PRD_000088,Lumo_Mobile_88,Electronics,Mobile,Lumo,555.95,264.65,10,4.0,1557,MarketPlus,2023-03-11
PRD_000089,Marlow_Camera_89,Electronics,Camera,Marlow,762.85,385.8,20,4.1,1054,PartnerHub,2023-12-04
PRD_000090,Pinegrove_Accessories_90,Electronics,Accessories,Pinegrove,1171.54,864.87,20,4.9,998,PrimeSellers,2021-12-01
PRD_000091,Northfield_Apparel_91,Sports,Apparel,Northfield,58.77,38.03,25,4.2,205,ValueMart,2025-07-15
PRD_000092,Vireo_NonFiction_92,Books,NonFiction,Vireo,39.18,18.92,5,4.2,1231,ValueMart,2025-01-05
PRD_000093,Zenith_Storage_93,Home,Storage,Zenith,324.15,198.81,0,4.7,1479,ShopSmart_Official,2020-03-09
PRD_000094,Crestwood_Comics_94,Books,Comics,Crestwood,14.07,8.22,0,2.6,644,ValueMart,2024-10-05
PRD_000095,Quanta_Haircare_95,Beauty,Haircare,Quanta,53.73,39.5,10,3.3,1235,ShopSmart_Official,2020-03-05
PRD_000096,Crestwood_Bedding_96,Home,Bedding,Crestwood,367.85,168.98,0,4.9,814,TopDeals_Co,2025-05-03
PRD_000097,Lumo_NonFiction_97,Books,NonFiction,Lumo,17.66,8.52,15,3.6,700,TopDeals_Co,2024-11-29
PRD_000098,Northfield_Camera_98,Electronics,Camera,Northfield,742.05,527.39,5,4.1,489,PartnerHub,2021-12-04
PRD_000099,Quanta_Headphones_99,Electronics,Headphones,Quanta,999.33,571.08,15,5.0,905,PartnerHub,2022-03-18
PRD_000100,Urbanix_Academic_100,Books,Academic,Urbanix,44.3,20.02,10,2.4,1623,MarketPlus,2023-06-11
PRD_000101,Nova_Decor_101,Home,Decor,Nova,301.88,206.06,5,3.5,752,MarketPlus,2025-10-06
PRD_000102,Lumo_Fiction_102,Books,Fiction,Lumo,59.51,39.69,30,3.4,1507,MarketPlus,2025-07-17
PRD_000103,Lumo_Women_103,Fashion,Women,Lumo,84.64,58.86,0,4.0,1275,ShopSmart_Official,2020-09-22
PRD_000104,Northfield_Storage_104,Home,Storage,Northfield,469.89,237.89,0,4.1,842,MarketPlus,2021-10-31
PRD_000105,Quanta_Storage_105,Home,Storage,Quanta,435.19,236.54,10,4.2,1369,MarketPlus,2022-09-05
PRD_000106,Lumo_Footwear_106,Fashion,Footwear,Lumo,27.07,19.61,15,3.4,1967,ValueMart,2025-01-14
PRD_000107,Solace_Laptop_107,Electronics,Laptop,Solace,1171.49,664.13,20,3.2,690,ShopSmart_Official,2022-10-16
PRD_000108,Vireo_Headphones_108,Electronics,Headphones,Vireo,1148.26,833.2,0,3.4,561,PartnerHub,2022-02-01
PRD_000109,Nova_Decor_109,Home,Decor,Nova,47.02,22.12,0,3.8,443,ValueMart,2021-05-27
PRD_000110,Crestwood_NonFiction_110,Books,NonFiction,Crestwood,15.74,11.65,15,2.9,621,TopDeals_Co,2020-12-10
PRD_000111,Quanta_Haircare_111,Beauty,Haircare,Quanta,61.44,28.38,0,3.4,769,PrimeSellers,2024-09-27
PRD_000112,Marlow_Fitness_112,Sports,Fitness,Marlow,45.35,30.25,15,4.3,381,PrimeSellers,2026-05-01
PRD_000113,Solace_Fitness_113,Sports,Fitness,Solace,333.07,230.95,30,4.1,36,ShopSmart_Official,2022-10-01
PRD_000114,Nova_Tools_114,Beauty,Tools,Nova,15.63,7.19,5,4.2,990,MarketPlus,2023-07-25
PRD_000115,Zenith_Apparel_115,Sports,Apparel,Zenith,19.67,9.13,10,4.2,1685,PrimeSellers,2020-03-04
PRD_000116,Pinegrove_Kitchen_116,Home,Kitchen,Pinegrove,343.57,215.76,5,4.4,2,MarketPlus,2020-12-04
PRD_000117,Urbanix_Makeup_117,Beauty,Makeup,Urbanix,22.03,13.48,15,4.5,904,PrimeSellers,2022-10-14
PRD_000118,Everline_Women_118,Fashion,Women,Everline,52.79,38.97,0,3.8,186,MarketPlus,2022-10-19
PRD_000119,Northfield_Cycling_119,Sports,Cycling,Northfield,182.22,111.65,10,4.0,1139,TopDeals_Co,2021-07-04
PRD_000120,Urbanix_Laptop_120,Electronics,Laptop,Urbanix,443.82,308.41,10,3.8,1684,ValueMart,2024-10-25
PRD_000121,Zenith_Headphones_121,Electronics,Headphones,Zenith,794.07,405.92,25,3.4,1742,PrimeSellers,2023-03-28
PRD_000122,Vireo_Men_122,Fashion,Men,Vireo,46.26,26.48,10,4.6,780,PrimeSellers,2021-02-22
PRD_000123,Lumo_NonFiction_123,Books,NonFiction,Lumo,22.96,15.74,25,3.4,170,PartnerHub,2025-07-25
PRD_000124,Marlow_Footwear_124,Fashion,Footwear,Marlow,69.13,32.23,30,4.0,1830,MarketPlus,2023-07-21
PRD_000125,Vireo_Bedding_125,Home,Bedding,Vireo,429.93,228.47,25,3.3,1236,PrimeSellers,2022-06-10
PRD_000126,Vireo_Academic_126,Books,Academic,Vireo,27.03,17.18,5,1.3,1323,PartnerHub,2025-12-28
PRD_000127,Nova_Bedding_127,Home,Bedding,Nova,575.01,282.31,25,4.7,1101,TopDeals_Co,2025-05-03
PRD_000128,Marlow_Footwear_128,Fashion,Footwear,Marlow,43.61,30.74,20,4.8,928,MarketPlus,2020-11-06
PRD_000129,Crestwood_Kitchen_129,Home,Kitchen,Crestwood,163.85,115.8,20,3.9,241,PrimeSellers,2020-10-21
PRD_000130,Crestwood_Camera_130,Electronics,Camera,Crestwood,1361.54,614.85,0,3.4,871,ValueMart,2026-04-22
PRD_000131,Nova_Fitness_131,Sports,Fitness,Nova,21.59,12.75,0,4.5,1127,TopDeals_Co,2023-05-11
PRD_000132,Pinegrove_Camera_132,Electronics,Camera,Pinegrove,1045.59,654.39,20,1.6,852,PrimeSellers,2025-10-31
PRD_000133,Vireo_Fragrance_133,Beauty,Fragrance,Vireo,96.69,62.15,20,3.9,1490,PartnerHub,2024-09-09
PRD_000134,Urbanix_Skincare_134,Beauty,Skincare,Urbanix,119.72,59.53,25,4.6,1188,TopDeals_Co,2021-10-11
PRD_000135,Everline_Footwear_135,Fashion,Footwear,Everline,181.07,108.45,10,2.7,1731,ShopSmart_Official,2021-09-24
PRD_000136,Urbanix_Accessories_136,Fashion,Accessories,Urbanix,153.93,111.36,0,2.1,1070,PartnerHub,2023-06-02
PRD_000137,Northfield_Apparel_137,Sports,Apparel,Northfield,122.98,58.85,5,1.6,58,TopDeals_Co,2020-06-24
PRD_000138,Urbanix_Haircare_138,Beauty,Haircare,Urbanix,68.25,40.91,10,3.5,546,TopDeals_Co,2024-06-18
PRD_000139,Zenith_Camera_139,Electronics,Camera,Zenith,681.1,328.49,0,3.3,1280,ShopSmart_Official,2026-02-02
PRD_000140,Nova_Decor_140,Home,Decor,Nova,381.31,245.74,0,4.5,1520,PartnerHub,2022-09-05
PRD_000141,Quanta_Fiction_141,Books,Fiction,Quanta,33.5,17.96,0,4.6,1805,ValueMart,2025-08-15
PRD_000142,Quanta_Kitchen_142,Home,Kitchen,Quanta,234.72,173.9,5,3.9,340,ValueMart,2022-02-16
PRD_000143,Zenith_Decor_143,Home,Decor,Zenith,470.7,222.31,5,2.6,1704,PartnerHub,2026-03-27
PRD_000144,Quanta_Tools_144,Beauty,Tools,Quanta,42.79,27.79,25,4.0,1329,ValueMart,2022-12-10
PRD_000145,Urbanix_Accessories_145,Fashion,Accessories,Urbanix,32.12,15.69,0,3.6,1652,ValueMart,2023-09-19
PRD_000146,Everline_Accessories_146,Fashion,Accessories,Everline,48.09,24.5,5,4.4,1520,TopDeals_Co,2022-06-05
PRD_000147,Solace_NonFiction_147,Books,NonFiction,Solace,49.53,29.32,20,4.4,714,ShopSmart_Official,2026-03-23
PRD_000148,Vireo_Outdoor_148,Sports,Outdoor,Vireo,43.55,30.51,15,3.6,190,PrimeSellers,2023-02-10
PRD_000149,Marlow_Headphones_149,Electronics,Headphones,Marlow,162.61,101.44,0,4.4,954,TopDeals_Co,2020-10-30
PRD_000150,Lumo_Makeup_150,Beauty,Makeup,Lumo,17.36,10.8,20,4.1,635,TopDeals_Co,2020-05-06
PRD_000151,Solace_Camera_151,Electronics,Camera,Solace,632.13,459.13,0,3.6,1937,TopDeals_Co,2023-01-07
PRD_000152,Everline_Makeup_152,Beauty,Makeup,Everline,104.53,66.88,0,4.5,192,TopDeals_Co,2023-09-30
PRD_000153,Marlow_Women_153,Fashion,Women,Marlow,215.74,118.6,0,3.9,1698,PrimeSellers,2022-10-03
PRD_000154,Vireo_Women_154,Fashion,Women,Vireo,99.95,65.59,10,4.4,748,ShopSmart_Official,2025-03-24
PRD_000155,Lumo_Camera_155,Electronics,Camera,Lumo,442.81,205.57,5,3.0,495,MarketPlus,2023-07-17
PRD_000156,Zenith_Fitness_156,Sports,Fitness,Zenith,236.29,129.54,0,1.7,1639,ValueMart,2023-06-10
PRD_000157,Nova_Headphones_157,Electronics,Headphones,Nova,1468.94,962.21,5,2.6,597,ValueMart,2023-12-06
PRD_000158,Zenith_Cycling_158,Sports,Cycling,Zenith,121.49,76.28,20,3.1,1913,TopDeals_Co,2020-06-08
PRD_000159,Everline_Men_159,Fashion,Men,Everline,177.45,111.4,20,3.3,1149,PrimeSellers,2025-05-05
PRD_000160,Everline_Team_Sports_160,Sports,Team_Sports,Everline,140.96,71.63,15,4.3,1424,ShopSmart_Official,2020-10-10
PRD_000161,Nova_Skincare_161,Beauty,Skincare,Nova,82.67,46.93,15,4.6,91,ValueMart,2020-03-31
PRD_000162,Quanta_Footwear_162,Fashion,Footwear,Quanta,187.66,131.8,20,2.7,1303,TopDeals_Co,2020-05-29
PRD_000163,Vireo_Fragrance_163,Beauty,Fragrance,Vireo,23.09,12.03,5,3.7,1725,MarketPlus,2021-02-21
PRD_000164,Zenith_Decor_164,Home,Decor,Zenith,113.6,84.71,15,4.2,528,ValueMart,2025-05-06
PRD_000165,Crestwood_Storage_165,Home,Storage,Crestwood,333.8,224.13,30,3.0,317,ValueMart,2024-11-01
PRD_000166,Marlow_Fragrance_166,Beauty,Fragrance,Marlow,116.63,61.1,5,3.7,1269,ShopSmart_Official,2021-05-02
PRD_000167,Lumo_Furniture_167,Home,Furniture,Lumo,315.86,149.39,0,4.1,1081,ShopSmart_Official,2026-02-02
PRD_000168,Nova_Apparel_168,Sports,Apparel,Nova,271.73,199.03,5,4.4,570,ShopSmart_Official,2024-09-25
PRD_000169,Everline_Headphones_169,Electronics,Headphones,Everline,384.64,175.79,0,3.0,1868,MarketPlus,2023-01-31
PRD_000170,Everline_NonFiction_170,Books,NonFiction,Everline,11.13,5.9,5,3.1,636,PrimeSellers,2022-01-18
PRD_000171,Pinegrove_Haircare_171,Beauty,Haircare,Pinegrove,93.98,50.27,5,3.3,1658,TopDeals_Co,2025-08-07
PRD_000172,Northfield_Makeup_172,Beauty,Makeup,Northfield,70.12,48.71,20,4.4,466,ShopSmart_Official,2022-09-25
PRD_000173,Lumo_Fitness_173,Sports,Fitness,Lumo,344.2,213.75,0,3.8,1104,PartnerHub,2024-05-16
PRD_000174,Lumo_Team_Sports_174,Sports,Team_Sports,Lumo,139.68,78.85,10,2.6,846,PrimeSellers,2022-08-15
PRD_000175,Nova_Fiction_175,Books,Fiction,Nova,21.84,10.65,25,4.5,1711,PartnerHub,2022-06-20
PRD_000176,Quanta_Accessories_176,Electronics,Accessories,Quanta,266.06,187.58,10,4.0,307,TopDeals_Co,2024-05-19
PRD_000177,Crestwood_Furniture_177,Home,Furniture,Crestwood,290.33,181.83,5,3.2,56,PartnerHub,2022-07-28
PRD_000178,Northfield_Makeup_178,Beauty,Makeup,Northfield,14.2,8.55,20,3.5,269,TopDeals_Co,2023-09-30
PRD_000179,Zenith_Mobile_179,Electronics,Mobile,Zenith,1014.65,580.37,5,4.4,1151,MarketPlus,2024-01-19
PRD_000180,Everline_Laptop_180,Electronics,Laptop,Everline,580.46,420.25,15,4.2,8,ShopSmart_Official,2024-04-11
PRD_000181,Northfield_Storage_181,Home,Storage,Northfield,522.33,341.34,10,4.6,341,MarketPlus,2021-07-26
PRD_000182,Quanta_NonFiction_182,Books,NonFiction,Quanta,5.3,3.02,0,4.1,1562,TopDeals_Co,2022-03-06
PRD_000183,Quanta_Storage_183,Home,Storage,Quanta,593.43,341.67,5,1.7,232,MarketPlus,2024-11-09
PRD_000184,Nova_Fitness_184,Sports,Fitness,Nova,88.9,52.97,10,2.5,182,PartnerHub,2022-07-29
PRD_000185,Nova_Decor_185,Home,Decor,Nova,149.96,71.43,0,3.0,1263,MarketPlus,2023-01-04
PRD_000186,Nova_Mobile_186,Electronics,Mobile,Nova,1014.34,731.42,0,3.3,166,ShopSmart_Official,2020-01-11
PRD_000187,Northfield_Decor_187,Home,Decor,Northfield,452.99,291.55,5,3.7,1875,ValueMart,2022-01-17
PRD_000188,Northfield_Decor_188,Home,Decor,Northfield,106.8,57.66,5,4.7,25,PrimeSellers,2023-06-19
PRD_000189,Lumo_Team_Sports_189,Sports,Team_Sports,Lumo,18.44,10.27,10,4.2,1210,ShopSmart_Official,2025-09-16
PRD_000190,Marlow_Comics_190,Books,Comics,Marlow,29.44,20.84,0,4.5,1277,ShopSmart_Official,2022-05-26
PRD_000191,Solace_Kitchen_191,Home,Kitchen,Solace,118.48,58.18,15,3.2,1598,MarketPlus,2023-09-07
PRD_000192,Solace_Fitness_192,Sports,Fitness,Solace,120.96,89.22,10,4.3,1414,TopDeals_Co,2021-06-13
PRD_000193,Everline_Children_193,Books,Children,Everline,40.6,26.8,25,3.8,1201,TopDeals_Co,2022-09-01
PRD_000194,Crestwood_Fitness_194,Sports,Fitness,Crestwood,110.13,62.29,15,3.7,1862,MarketPlus,2022-11-09
PRD_000195,Solace_Outdoor_195,Sports,Outdoor,Solace,247.4,173.53,25,4.5,123,TopDeals_Co,2024-06-22
PRD_000196,Lumo_Skincare_196,Beauty,Skincare,Lumo,16.38,12.03,20,4.3,726,MarketPlus,2025-01-02
PRD_000197,Everline_Women_197,Fashion,Women,Everline,236.68,106.79,0,2.5,81,ValueMart,2025-07-27
PRD_000198,Lumo_Apparel_198,Sports,Apparel,Lumo,310.5,143.75,15,2.7,1788,TopDeals_Co,2025-11-14
PRD_000199,Zenith_Cycling_199,Sports,Cycling,Zenith,12.38,8.67,30,3.0,315,ShopSmart_Official,2020-01-18
PRD_000200,Lumo_Bedding_200,Home,Bedding,Lumo,381.05,255.9,5,3.2,1371,MarketPlus,2026-03-04
PRD_000201,Quanta_Decor_201,Home,Decor,Quanta,40.9,23.92,25,4.6,144,ValueMart,2021-06-11
PRD_000202,Northfield_Footwear_202,Fashion,Footwear,Northfield,117.51,54.96,15,3.7,1333,MarketPlus,2020-04-21
PRD_000203,Nova_Men_203,Fashion,Men,Nova,211.17,148.18,5,3.5,527,PartnerHub,2026-05-12
PRD_000204,Zenith_Team_Sports_204,Sports,Team_Sports,Zenith,209.81,115.5,5,4.2,543,ValueMart,2026-03-15
PRD_000205,Quanta_Furniture_205,Home,Furniture,Quanta,337.36,223.23,0,2.0,789,PrimeSellers,2020-11-26
PRD_000206,Nova_Women_206,Fashion,Women,Nova,208.51,145.8,0,3.4,795,ValueMart,2021-07-09
PRD_000207,Quanta_Women_207,Fashion,Women,Quanta,127.45,94.78,0,3.7,88,TopDeals_Co,2021-11-06
PRD_000208,Zenith_Fragrance_208,Beauty,Fragrance,Zenith,8.81,4.85,20,4.6,1862,ValueMart,2024-03-26
PRD_000209,Pinegrove_Comics_209,Books,Comics,Pinegrove,26.03,12.03,15,3.9,946,ShopSmart_Official,2023-08-30
PRD_000210,Lumo_Team_Sports_210,Sports,Team_Sports,Lumo,122.59,64.95,20,2.8,1655,PartnerHub,2020-11-14
PRD_000211,Solace_Decor_211,Home,Decor,Solace,172.64,127.98,0,4.7,81,ValueMart,2021-06-23
PRD_000212,Zenith_Cycling_212,Sports,Cycling,Zenith,32.09,23.1,0,4.0,1156,ShopSmart_Official,2024-04-30
PRD_000213,Northfield_Apparel_213,Sports,Apparel,Northfield,124.27,82.32,0,2.6,164,PartnerHub,2023-04-24
PRD_000214,Marlow_Makeup_214,Beauty,Makeup,Marlow,13.65,10.1,0,4.7,983,MarketPlus,2023-02-13
PRD_000215,Everline_Children_215,Books,Children,Everline,57.1,39.23,5,3.7,1663,ValueMart,2024-06-29
PRD_000216,Solace_Fiction_216,Books,Fiction,Solace,16.41,11.86,5,3.3,828,TopDeals_Co,2022-05-11
PRD_000217,Nova_Fitness_217,Sports,Fitness,Nova,234.43,117.13,25,4.4,987,TopDeals_Co,2020-06-01
PRD_000218,Marlow_Kitchen_218,Home,Kitchen,Marlow,281.03,169.19,0,4.0,1296,MarketPlus,2024-08-06
PRD_000219,Everline_Laptop_219,Electronics,Laptop,Everline,1199.51,683.46,5,3.7,985,ValueMart,2026-01-20
PRD_000220,Lumo_Tools_220,Beauty,Tools,Lumo,16.42,9.74,0,4.2,388,MarketPlus,2026-01-21
PRD_000221,Crestwood_Fiction_221,Books,Fiction,Crestwood,14.22,6.92,5,3.4,424,PrimeSellers,2022-09-09
PRD_000222,Vireo_Furniture_222,Home,Furniture,Vireo,453.82,208.37,0,2.6,1940,PartnerHub,2022-03-05
PRD_000223,Crestwood_Children_223,Books,Children,Crestwood,46.01,34.4,5,4.6,811,MarketPlus,2024-04-02
PRD_000224,Marlow_Footwear_224,Fashion,Footwear,Marlow,206.73,103.56,10,3.3,528,ShopSmart_Official,2021-12-20
PRD_000225,Pinegrove_Outdoor_225,Sports,Outdoor,Pinegrove,70.66,33.46,5,4.5,332,ValueMart,2021-10-10
PRD_000226,Marlow_Academic_226,Books,Academic,Marlow,26.9,17.39,15,4.3,1064,PrimeSellers,2024-05-12
PRD_000227,Lumo_Kitchen_227,Home,Kitchen,Lumo,61.46,29.63,15,4.8,1601,ShopSmart_Official,2020-11-22
PRD_000228,Urbanix_Kids_228,Fashion,Kids,Urbanix,129.54,80.75,25,3.5,588,MarketPlus,2020-02-01
PRD_000229,Everline_Storage_229,Home,Storage,Everline,534.03,292.13,25,3.1,1181,MarketPlus,2020-12-11
PRD_000230,Pinegrove_Furniture_230,Home,Furniture,Pinegrove,51.21,32.9,20,4.6,1982,ValueMart,2025-05-02
PRD_000231,Solace_Kitchen_231,Home,Kitchen,Solace,418.24,194.12,0,2.1,34,TopDeals_Co,2024-06-13
PRD_000232,Solace_Laptop_232,Electronics,Laptop,Solace,1198.21,673.56,5,3.4,568,PartnerHub,2026-04-08
PRD_000233,Marlow_Men_233,Fashion,Men,Marlow,83.52,59.91,5,3.8,861,ShopSmart_Official,2023-08-29
PRD_000234,Pinegrove_Footwear_234,Fashion,Footwear,Pinegrove,161.8,88.98,10,3.7,30,ShopSmart_Official,2022-12-20
PRD_000235,Marlow_Tools_235,Beauty,Tools,Marlow,55.86,33.65,5,2.8,1479,ShopSmart_Official,2026-02-11
PRD_000236,Urbanix_Children_236,Books,Children,Urbanix,19.23,12.54,0,4.1,909,MarketPlus,2025-12-02
PRD_000237,Lumo_Outdoor_237,Sports,Outdoor,Lumo,133.56,80.18,20,3.8,1444,PrimeSellers,2025-10-04
PRD_000238,Lumo_Children_238,Books,Children,Lumo,10.53,7.04,15,4.2,1682,PartnerHub,2022-07-19
PRD_000239,Pinegrove_Headphones_239,Electronics,Headphones,Pinegrove,54.97,39.52,20,3.1,247,PrimeSellers,2025-07-20
PRD_000240,Vireo_Skincare_240,Beauty,Skincare,Vireo,86.67,47.7,15,4.1,68,ValueMart,2022-08-06
PRD_000241,Northfield_Furniture_241,Home,Furniture,Northfield,402.26,239.11,5,4.3,1046,MarketPlus,2025-03-28
PRD_000242,Vireo_Outdoor_242,Sports,Outdoor,Vireo,22.11,14.82,10,4.1,1434,PartnerHub,2025-03-23
PRD_000243,Lumo_Accessories_243,Electronics,Accessories,Lumo,238.93,172.25,15,3.9,1418,PrimeSellers,2026-01-18
PRD_000244,Nova_Academic_244,Books,Academic,Nova,41.19,18.76,25,4.4,826,MarketPlus,2021-03-11
PRD_000245,Everline_Team_Sports_245,Sports,Team_Sports,Everline,238.48,159.69,0,3.9,1891,ValueMart,2022-11-20
PRD_000246,Vireo_Comics_246,Books,Comics,Vireo,7.04,3.78,0,4.5,525,TopDeals_Co,2026-01-15
PRD_000247,Lumo_Women_247,Fashion,Women,Lumo,102.34,70.99,0,4.1,453,TopDeals_Co,2020-10-22
PRD_000248,Vireo_Men_248,Fashion,Men,Vireo,194.66,138.16,0,3.2,1396,MarketPlus,2025-11-04
PRD_000249,Marlow_Skincare_249,Beauty,Skincare,Marlow,79.11,52.88,0,4.7,681,TopDeals_Co,2025-12-19
PRD_000250,Crestwood_Skincare_250,Beauty,Skincare,Crestwood,98.08,70.96,20,2.9,480,ValueMart,2021-05-30
PRD_000251,Quanta_Accessories_251,Electronics,Accessories,Quanta,111.87,52.04,20,4.7,436,TopDeals_Co,2025-04-19
PRD_000252,Marlow_Team_Sports_252,Sports,Team_Sports,Marlow,175.39,82.22,0,4.3,1107,MarketPlus,2025-11-21
PRD_000253,Northfield_Headphones_253,Electronics,Headphones,Northfield,568.18,408.83,0,3.7,1935,ValueMart,2022-02-28
PRD_000254,Pinegrove_Apparel_254,Sports,Apparel,Pinegrove,144.17,88.17,15,3.0,374,ShopSmart_Official,2024-06-25
PRD_000255,Urbanix_Kitchen_255,Home,Kitchen,Urbanix,29.91,22.36,0,3.1,871,PrimeSellers,2021-01-29
PRD_000256,Solace_Bedding_256,Home,Bedding,Solace,218.99,136.57,10,4.3,1290,MarketPlus,2020-01-26
PRD_000257,Everline_Mobile_257,Electronics,Mobile,Everline,270.74,136.87,20,3.2,1625,TopDeals_Co,2023-02-06
PRD_000258,Marlow_Fiction_258,Books,Fiction,Marlow,32.71,23.22,15,1.8,967,MarketPlus,2023-05-14
PRD_000259,Quanta_Camera_259,Electronics,Camera,Quanta,769.33,547.48,15,4.4,159,ShopSmart_Official,2020-01-25
PRD_000260,Lumo_Camera_260,Electronics,Camera,Lumo,79.31,51.05,20,4.2,624,TopDeals_Co,2021-05-20
PRD_000261,Lumo_Kitchen_261,Home,Kitchen,Lumo,547.27,319.01,0,2.8,1152,PrimeSellers,2022-01-12
PRD_000262,Zenith_Mobile_262,Electronics,Mobile,Zenith,330.52,163.44,0,4.3,933,TopDeals_Co,2021-06-10
PRD_000263,Northfield_Furniture_263,Home,Furniture,Northfield,359.24,186.99,5,2.5,1153,PrimeSellers,2023-11-04
PRD_000264,Quanta_Storage_264,Home,Storage,Quanta,182.51,92.21,25,3.7,1754,ShopSmart_Official,2021-05-15
PRD_000265,Everline_Fitness_265,Sports,Fitness,Everline,335.99,239.43,5,3.2,543,ValueMart,2023-02-18
PRD_000266,Zenith_Women_266,Fashion,Women,Zenith,99.93,65.92,0,4.5,62,PrimeSellers,2026-01-11
PRD_000267,Vireo_Fitness_267,Sports,Fitness,Vireo,146.49,73.63,25,3.8,1998,TopDeals_Co,2020-05-02
PRD_000268,Nova_Haircare_268,Beauty,Haircare,Nova,19.27,12.27,30,4.7,1976,TopDeals_Co,2022-02-10
PRD_000269,Nova_Children_269,Books,Children,Nova,55.13,38.22,10,3.2,1220,ShopSmart_Official,2020-10-21
PRD_000270,Urbanix_Comics_270,Books,Comics,Urbanix,42.76,21.17,0,3.9,399,TopDeals_Co,2024-02-17
PRD_000271,Solace_Camera_271,Electronics,Camera,Solace,1222.22,805.68,30,3.8,601,MarketPlus,2025-05-16
PRD_000272,Marlow_Tools_272,Beauty,Tools,Marlow,77.43,37.04,15,4.6,1146,PartnerHub,2021-03-11
PRD_000273,Marlow_Footwear_273,Fashion,Footwear,Marlow,146.91,67.9,10,2.8,1966,MarketPlus,2022-03-28
PRD_000274,Urbanix_Headphones_274,Electronics,Headphones,Urbanix,310.57,147.46,15,3.9,14,ValueMart,2020-10-22
PRD_000275,Zenith_Cycling_275,Sports,Cycling,Zenith,181.22,104.92,0,4.2,1606,PartnerHub,2025-12-05
PRD_000276,Solace_Fiction_276,Books,Fiction,Solace,28.79,20.73,0,3.5,319,TopDeals_Co,2026-02-05
PRD_000277,Lumo_Kitchen_277,Home,Kitchen,Lumo,25.55,18.03,20,4.2,350,MarketPlus,2024-07-03
PRD_000278,Everline_Decor_278,Home,Decor,Everline,397.5,233.7,10,3.3,1935,ValueMart,2023-09-02
PRD_000279,Nova_NonFiction_279,Books,NonFiction,Nova,27.38,12.62,15,3.8,1785,MarketPlus,2024-09-09
PRD_000280,Marlow_Accessories_280,Fashion,Accessories,Marlow,193.8,112.31,5,4.6,1102,ValueMart,2024-10-13
PRD_000281,Marlow_Haircare_281,Beauty,Haircare,Marlow,12.55,8.9,15,3.7,1332,TopDeals_Co,2024-12-08
PRD_000282,Zenith_Accessories_282,Electronics,Accessories,Zenith,59.15,31.69,10,3.4,1643,PrimeSellers,2024-02-16
PRD_000283,Northfield_Apparel_283,Sports,Apparel,Northfield,101.98,74.07,20,4.4,558,PartnerHub,2020-12-27
PRD_000284,Crestwood_Comics_284,Books,Comics,Crestwood,5.28,2.71,15,3.8,799,ShopSmart_Official,2020-08-06
PRD_000285,Nova_Headphones_285,Electronics,Headphones,Nova,1337.46,632.08,15,4.3,1316,ValueMart,2023-07-04
PRD_000286,Solace_Cycling_286,Sports,Cycling,Solace,399.88,183.78,10,4.1,1681,ValueMart,2025-10-08
PRD_000287,Urbanix_Mobile_287,Electronics,Mobile,Urbanix,1121.51,825.57,10,4.6,721,PrimeSellers,2025-05-01
PRD_000288,Vireo_Footwear_288,Fashion,Footwear,Vireo,67.11,33.26,25,3.6,1243,MarketPlus,2024-10-28
PRD_000289,Marlow_Bedding_289,Home,Bedding,Marlow,406.26,189.93,5,3.8,1178,MarketPlus,2020-04-03
PRD_000290,Crestwood_Fitness_290,Sports,Fitness,Crestwood,191.86,95.22,0,2.5,1569,ValueMart,2020-07-11
PRD_000291,Crestwood_Team_Sports_291,Sports,Team_Sports,Crestwood,156.23,80.8,0,3.8,1265,MarketPlus,2021-03-30
PRD_000292,Solace_Laptop_292,Electronics,Laptop,Solace,206.24,144.61,15,3.3,719,ValueMart,2025-02-02
PRD_000293,Northfield_Camera_293,Electronics,Camera,Northfield,485.02,356.56,5,4.1,257,PartnerHub,2021-03-19
PRD_000294,Northfield_Makeup_294,Beauty,Makeup,Northfield,81.6,53.43,0,4.3,353,ValueMart,2020-07-10
PRD_000295,Lumo_Mobile_295,Electronics,Mobile,Lumo,154.48,90.05,0,3.1,1512,TopDeals_Co,2025-07-19
PRD_000296,Vireo_Mobile_296,Electronics,Mobile,Vireo,458.79,239.16,25,4.5,1735,MarketPlus,2020-11-19
PRD_000297,Solace_Bedding_297,Home,Bedding,Solace,75.61,51.52,10,3.5,1700,ShopSmart_Official,2022-01-31
PRD_000298,Zenith_Comics_298,Books,Comics,Zenith,31.65,22.34,0,2.9,1396,MarketPlus,2023-10-19
PRD_000299,Solace_Fiction_299,Books,Fiction,Solace,21.24,12.88,5,4.6,1981,PrimeSellers,2020-11-08
PRD_000300,Urbanix_Fiction_300,Books,Fiction,Urbanix,46.65,26.82,10,4.2,754,ValueMart,2026-01-02
PRD_000301,Lumo_Furniture_301,Home,Furniture,Lumo,308.68,182.4,20,4.5,1292,TopDeals_Co,2024-04-20
PRD_000302,Zenith_Camera_302,Electronics,Camera,Zenith,1159.91,763.48,0,4.9,696,PrimeSellers,2025-04-26
PRD_000303,Northfield_Storage_303,Home,Storage,Northfield,173.29,129.46,0,4.6,1141,ValueMart,2022-12-07
PRD_000304,Marlow_Decor_304,Home,Decor,Marlow,136.26,73.67,15,3.6,1519,PartnerHub,2025-03-29
PRD_000305,Vireo_Footwear_305,Fashion,Footwear,Vireo,132.89,91.82,25,3.9,1489,ValueMart,2021-07-23
PRD_000306,Crestwood_Storage_306,Home,Storage,Crestwood,458.67,276.94,0,2.0,313,ShopSmart_Official,2021-03-04
PRD_000307,Crestwood_Storage_307,Home,Storage,Crestwood,267.51,163.94,0,3.3,560,ShopSmart_Official,2022-03-19
PRD_000308,Nova_Footwear_308,Fashion,Footwear,Nova,53.77,39.66,5,3.7,967,ValueMart,2023-03-24
PRD_000309,Zenith_Fitness_309,Sports,Fitness,Zenith,16.58,9.05,20,4.3,1651,MarketPlus,2020-11-22
PRD_000310,Lumo_Skincare_310,Beauty,Skincare,Lumo,68.38,41.87,0,4.6,1441,MarketPlus,2025-11-11
PRD_000311,Nova_Makeup_311,Beauty,Makeup,Nova,110.87,82.88,5,3.3,1045,ValueMart,2022-02-19
PRD_000312,Lumo_Skincare_312,Beauty,Skincare,Lumo,56.46,29.12,0,4.4,97,MarketPlus,2023-09-17
PRD_000313,Quanta_NonFiction_313,Books,NonFiction,Quanta,16.33,10.13,5,3.3,1810,PrimeSellers,2020-08-04
PRD_000314,Nova_Accessories_314,Fashion,Accessories,Nova,180.24,90.36,10,3.7,1720,ShopSmart_Official,2021-01-03
PRD_000315,Marlow_Bedding_315,Home,Bedding,Marlow,136.27,65.76,0,4.4,1645,ShopSmart_Official,2024-03-23
PRD_000316,Nova_Fiction_316,Books,Fiction,Nova,8.04,3.77,0,3.3,1019,MarketPlus,2021-02-05
PRD_000317,Quanta_Men_317,Fashion,Men,Quanta,86.91,42.33,5,2.6,401,PartnerHub,2022-05-16
PRD_000318,Solace_Men_318,Fashion,Men,Solace,159.85,100.42,10,4.1,260,PrimeSellers,2021-04-01
PRD_000319,Quanta_Apparel_319,Sports,Apparel,Quanta,355.48,194.07,10,4.2,273,MarketPlus,2024-05-12
PRD_000320,Zenith_Skincare_320,Beauty,Skincare,Zenith,68.25,32.08,0,4.7,1648,PartnerHub,2020-07-24
PRD_000321,Solace_Accessories_321,Fashion,Accessories,Solace,132.8,78.48,25,3.9,1843,PartnerHub,2022-01-30
PRD_000322,Vireo_Skincare_322,Beauty,Skincare,Vireo,99.62,72.86,25,4.3,1232,ShopSmart_Official,2020-09-23
PRD_000323,Everline_Fitness_323,Sports,Fitness,Everline,384.19,225.66,15,4.6,1138,PrimeSellers,2023-10-15
PRD_000324,Lumo_Children_324,Books,Children,Lumo,9.28,6.58,20,3.6,1673,MarketPlus,2022-11-16
PRD_000325,Urbanix_Storage_325,Home,Storage,Urbanix,488.44,309.46,15,4.2,1633,ShopSmart_Official,2025-08-13
PRD_000326,Crestwood_Furniture_326,Home,Furniture,Crestwood,22.17,13.87,15,3.0,961,PartnerHub,2021-03-13
PRD_000327,Pinegrove_Bedding_327,Home,Bedding,Pinegrove,162.95,99.08,0,4.5,1775,MarketPlus,2021-04-19
PRD_000328,Marlow_Decor_328,Home,Decor,Marlow,564.53,355.67,0,3.3,1079,TopDeals_Co,2023-09-24
PRD_000329,Zenith_Apparel_329,Sports,Apparel,Zenith,160.32,94.06,15,3.7,321,PartnerHub,2024-10-04
PRD_000330,Pinegrove_Haircare_330,Beauty,Haircare,Pinegrove,95.82,43.16,0,4.7,382,ValueMart,2021-12-03
PRD_000331,Solace_Kitchen_331,Home,Kitchen,Solace,376.76,259.75,0,3.7,473,MarketPlus,2020-02-16
PRD_000332,Solace_Outdoor_332,Sports,Outdoor,Solace,61.68,36.44,0,3.5,1727,TopDeals_Co,2023-01-28
PRD_000333,Marlow_Men_333,Fashion,Men,Marlow,157.42,97.47,10,3.2,1713,TopDeals_Co,2025-05-09
PRD_000334,Northfield_Footwear_334,Fashion,Footwear,Northfield,69.65,42.14,10,4.4,1285,ValueMart,2022-01-05
PRD_000335,Lumo_Cycling_335,Sports,Cycling,Lumo,293.09,171.24,5,3.9,1941,TopDeals_Co,2022-08-30
PRD_000336,Zenith_Laptop_336,Electronics,Laptop,Zenith,877.29,630.93,10,4.3,1516,TopDeals_Co,2022-12-27
PRD_000337,Vireo_Fragrance_337,Beauty,Fragrance,Vireo,15.69,11.62,0,4.3,187,PrimeSellers,2023-01-26
PRD_000338,Everline_Decor_338,Home,Decor,Everline,589.26,433.51,5,3.6,477,ShopSmart_Official,2023-08-08
PRD_000339,Everline_Headphones_339,Electronics,Headphones,Everline,1013.43,733.41,20,3.9,289,TopDeals_Co,2020-12-12
PRD_000340,Northfield_Academic_340,Books,Academic,Northfield,20.2,11.27,0,3.9,213,PartnerHub,2025-09-13
PRD_000341,Pinegrove_Fragrance_341,Beauty,Fragrance,Pinegrove,52.7,28.15,0,4.4,1673,ValueMart,2023-06-23
PRD_000342,Lumo_Fiction_342,Books,Fiction,Lumo,19.38,10.17,0,4.5,1111,PartnerHub,2023-02-19
PRD_000343,Solace_Kids_343,Fashion,Kids,Solace,61.59,40.89,10,4.1,1269,TopDeals_Co,2022-10-24
PRD_000344,Zenith_Academic_344,Books,Academic,Zenith,8.63,6.42,25,4.2,1143,TopDeals_Co,2025-04-07
PRD_000345,Vireo_Storage_345,Home,Storage,Vireo,442.53,205.36,5,3.5,1534,ShopSmart_Official,2025-01-21
PRD_000346,Marlow_Storage_346,Home,Storage,Marlow,31.62,21.61,10,3.0,93,ValueMart,2021-08-25
PRD_000347,Urbanix_Fitness_347,Sports,Fitness,Urbanix,357.54,202.48,15,3.7,1737,ShopSmart_Official,2025-11-05
PRD_000348,Zenith_Tools_348,Beauty,Tools,Zenith,117.17,59.57,20,4.8,1621,ValueMart,2022-06-07
PRD_000349,Marlow_Comics_349,Books,Comics,Marlow,59.19,35.03,0,4.3,1220,ValueMart,2020-04-04
PRD_000350,Lumo_Comics_350,Books,Comics,Lumo,18.87,11.7,10,3.7,989,PartnerHub,2022-10-31
PRD_000351,Everline_NonFiction_351,Books,NonFiction,Everline,58.07,34.9,0,4.9,482,ValueMart,2022-06-05
PRD_000352,Urbanix_Outdoor_352,Sports,Outdoor,Urbanix,130.06,78.74,15,3.1,1580,PrimeSellers,2023-12-26
PRD_000353,Pinegrove_Men_353,Fashion,Men,Pinegrove,143.0,90.11,0,4.1,939,PrimeSellers,2022-10-01
PRD_000354,Crestwood_Footwear_354,Fashion,Footwear,Crestwood,120.68,63.91,30,3.1,99,ValueMart,2022-02-24
PRD_000355,Everline_Men_355,Fashion,Men,Everline,239.38,118.27,20,4.5,369,TopDeals_Co,2020-06-20
PRD_000356,Lumo_Cycling_356,Sports,Cycling,Lumo,317.27,197.5,10,4.2,1249,TopDeals_Co,2022-02-17
PRD_000357,Urbanix_Furniture_357,Home,Furniture,Urbanix,407.16,253.66,15,3.9,394,ValueMart,2025-03-11
PRD_000358,Crestwood_Apparel_358,Sports,Apparel,Crestwood,189.84,106.9,30,2.8,1730,ValueMart,2023-12-24
PRD_000359,Pinegrove_Furniture_359,Home,Furniture,Pinegrove,249.75,132.76,5,4.3,650,TopDeals_Co,2022-09-11
PRD_000360,Urbanix_Apparel_360,Sports,Apparel,Urbanix,17.1,10.75,25,4.9,1515,MarketPlus,2024-10-06
PRD_000361,Northfield_Outdoor_361,Sports,Outdoor,Northfield,179.86,99.39,0,3.7,1476,ValueMart,2025-04-12
PRD_000362,Lumo_Fragrance_362,Beauty,Fragrance,Lumo,13.87,9.9,0,3.2,436,PartnerHub,2022-04-14
PRD_000363,Solace_Skincare_363,Beauty,Skincare,Solace,114.91,73.97,0,3.6,1356,PartnerHub,2020-08-20
PRD_000364,Crestwood_Camera_364,Electronics,Camera,Crestwood,1142.59,700.84,15,4.1,827,ShopSmart_Official,2022-08-28
PRD_000365,Solace_Accessories_365,Electronics,Accessories,Solace,484.94,302.07,0,2.3,347,ValueMart,2024-10-23
PRD_000366,Urbanix_Headphones_366,Electronics,Headphones,Urbanix,736.72,528.82,5,4.0,993,TopDeals_Co,2023-08-01
PRD_000367,Crestwood_Fragrance_367,Beauty,Fragrance,Crestwood,26.71,13.6,0,3.5,1242,ShopSmart_Official,2022-11-06
PRD_000368,Vireo_Storage_368,Home,Storage,Vireo,429.88,221.16,5,4.4,150,TopDeals_Co,2022-06-25
PRD_000369,Pinegrove_NonFiction_369,Books,NonFiction,Pinegrove,6.81,4.28,5,4.1,807,TopDeals_Co,2025-11-27
PRD_000370,Lumo_Kitchen_370,Home,Kitchen,Lumo,172.35,96.24,0,3.6,454,PartnerHub,2021-11-06
PRD_000371,Solace_Comics_371,Books,Comics,Solace,19.73,8.91,5,4.0,1814,PrimeSellers,2024-02-13
PRD_000372,Quanta_NonFiction_372,Books,NonFiction,Quanta,49.92,22.69,5,3.7,1160,PartnerHub,2020-04-27
PRD_000373,Solace_Kitchen_373,Home,Kitchen,Solace,245.56,111.42,15,3.0,122,PartnerHub,2020-05-13
PRD_000374,Vireo_Cycling_374,Sports,Cycling,Vireo,384.95,189.39,15,4.4,24,PartnerHub,2024-07-22
PRD_000375,Solace_Cycling_375,Sports,Cycling,Solace,238.33,177.04,25,3.8,740,PrimeSellers,2021-01-20
PRD_000376,Northfield_Women_376,Fashion,Women,Northfield,183.61,116.56,15,4.8,1038,TopDeals_Co,2024-01-19
PRD_000377,Quanta_Footwear_377,Fashion,Footwear,Quanta,187.39,98.55,15,3.8,564,PartnerHub,2021-07-18
PRD_000378,Pinegrove_NonFiction_378,Books,NonFiction,Pinegrove,42.04,23.69,20,3.7,516,ValueMart,2025-03-06
PRD_000379,Northfield_Accessories_379,Fashion,Accessories,Northfield,133.11,60.21,20,4.1,1941,PartnerHub,2026-02-23
PRD_000380,Urbanix_Decor_380,Home,Decor,Urbanix,578.53,344.22,15,3.1,726,ValueMart,2021-09-19
PRD_000381,Northfield_Women_381,Fashion,Women,Northfield,70.49,40.36,25,3.4,1542,TopDeals_Co,2024-02-23
PRD_000382,Marlow_Mobile_382,Electronics,Mobile,Marlow,304.6,185.04,10,3.8,1016,TopDeals_Co,2024-06-21
PRD_000383,Vireo_Haircare_383,Beauty,Haircare,Vireo,102.07,53.94,5,4.3,897,PartnerHub,2020-06-09
PRD_000384,Marlow_Cycling_384,Sports,Cycling,Marlow,391.64,283.12,10,3.1,1499,PrimeSellers,2024-01-19
PRD_000385,Marlow_Women_385,Fashion,Women,Marlow,221.81,133.09,5,4.5,989,PartnerHub,2023-08-18
PRD_000386,Marlow_Decor_386,Home,Decor,Marlow,264.26,162.26,25,3.4,1437,ValueMart,2024-04-27
PRD_000387,Solace_Fitness_387,Sports,Fitness,Solace,80.84,54.3,0,4.6,1813,ShopSmart_Official,2022-10-09
PRD_000388,Northfield_Team_Sports_388,Sports,Team_Sports,Northfield,334.07,220.47,5,4.7,213,ShopSmart_Official,2020-10-14
PRD_000389,Solace_Storage_389,Home,Storage,Solace,558.47,374.16,30,2.7,984,PartnerHub,2023-09-19
PRD_000390,Quanta_Mobile_390,Electronics,Mobile,Quanta,710.49,485.58,0,2.8,1078,ShopSmart_Official,2020-02-29
PRD_000391,Nova_Headphones_391,Electronics,Headphones,Nova,1317.48,745.83,5,3.7,803,PrimeSellers,2022-10-09
PRD_000392,Marlow_Fragrance_392,Beauty,Fragrance,Marlow,19.64,10.77,15,4.4,1193,PrimeSellers,2025-10-03
PRD_000393,Quanta_Kitchen_393,Home,Kitchen,Quanta,546.53,382.29,0,4.7,1615,PrimeSellers,2021-09-08
PRD_000394,Quanta_Tools_394,Beauty,Tools,Quanta,41.14,26.39,20,4.0,1064,PrimeSellers,2022-05-25
PRD_000395,Crestwood_Furniture_395,Home,Furniture,Crestwood,306.65,180.74,15,3.6,754,PrimeSellers,2023-03-24
PRD_000396,Everline_NonFiction_396,Books,NonFiction,Everline,39.09,22.24,20,3.7,1260,ShopSmart_Official,2024-09-24
PRD_000397,Vireo_Furniture_397,Home,Furniture,Vireo,137.16,79.11,25,2.7,1580,ShopSmart_Official,2021-03-16
PRD_000398,Lumo_Team_Sports_398,Sports,Team_Sports,Lumo,174.99,117.39,5,3.8,1478,ValueMart,2024-08-25
PRD_000399,Nova_Kitchen_399,Home,Kitchen,Nova,553.46,398.39,0,4.4,568,ValueMart,2020-07-05
PRD_000400,Quanta_Outdoor_400,Sports,Outdoor,Quanta,190.61,96.94,10,4.3,1853,PrimeSellers,2021-09-04
PRD_000401,Nova_Comics_401,Books,Comics,Nova,58.9,35.47,10,4.0,1627,PartnerHub,2024-03-23
PRD_000402,Nova_Accessories_402,Electronics,Accessories,Nova,56.92,26.28,0,2.8,1741,ShopSmart_Official,2023-09-08
PRD_000403,Lumo_Mobile_403,Electronics,Mobile,Lumo,155.45,84.33,25,3.7,1610,TopDeals_Co,2025-03-15
PRD_000404,Quanta_Team_Sports_404,Sports,Team_Sports,Quanta,301.44,149.43,15,2.8,889,TopDeals_Co,2025-01-14
PRD_000405,Urbanix_Furniture_405,Home,Furniture,Urbanix,432.61,317.43,15,3.5,1084,PartnerHub,2024-09-07
PRD_000406,Lumo_Accessories_406,Electronics,Accessories,Lumo,418.84,219.64,0,4.3,820,ValueMart,2024-09-01
PRD_000407,Crestwood_Kids_407,Fashion,Kids,Crestwood,186.14,102.14,0,2.7,31,TopDeals_Co,2026-04-24
PRD_000408,Marlow_Accessories_408,Fashion,Accessories,Marlow,136.46,63.12,10,4.7,1695,TopDeals_Co,2022-09-30
PRD_000409,Lumo_Accessories_409,Electronics,Accessories,Lumo,377.77,179.32,0,4.7,798,PartnerHub,2022-01-27
PRD_000410,Pinegrove_Accessories_410,Fashion,Accessories,Pinegrove,119.39,56.92,5,3.9,1755,TopDeals_Co,2021-12-13
PRD_000411,Vireo_Accessories_411,Fashion,Accessories,Vireo,124.33,80.68,20,4.2,1788,MarketPlus,2021-07-24
PRD_000412,Urbanix_Makeup_412,Beauty,Makeup,Urbanix,67.24,40.35,0,4.4,1801,PartnerHub,2020-03-22
PRD_000413,Urbanix_Kitchen_413,Home,Kitchen,Urbanix,423.73,240.96,0,4.7,696,PrimeSellers,2020-04-29
PRD_000414,Quanta_Haircare_414,Beauty,Haircare,Quanta,36.49,22.75,5,3.6,1584,PrimeSellers,2023-10-07
PRD_000415,Nova_Fragrance_415,Beauty,Fragrance,Nova,74.38,51.07,0,4.0,1259,ValueMart,2022-07-13
PRD_000416,Vireo_Tools_416,Beauty,Tools,Vireo,92.57,66.28,25,2.6,1671,ShopSmart_Official,2020-10-30
PRD_000417,Quanta_Fragrance_417,Beauty,Fragrance,Quanta,24.86,11.62,0,4.1,1693,ValueMart,2021-08-14
PRD_000418,Zenith_Furniture_418,Home,Furniture,Zenith,539.21,325.78,15,1.4,825,ShopSmart_Official,2020-11-10
PRD_000419,Marlow_Accessories_419,Fashion,Accessories,Marlow,233.96,165.14,15,3.2,1714,PrimeSellers,2026-03-20
PRD_000420,Marlow_Decor_420,Home,Decor,Marlow,129.39,74.12,30,4.4,315,ShopSmart_Official,2023-10-19
PRD_000421,Vireo_Comics_421,Books,Comics,Vireo,22.89,14.64,10,4.8,1158,ShopSmart_Official,2023-07-13
PRD_000422,Marlow_Haircare_422,Beauty,Haircare,Marlow,87.69,48.36,0,3.8,1082,MarketPlus,2026-02-03
PRD_000423,Everline_Bedding_423,Home,Bedding,Everline,500.41,325.14,5,2.8,847,MarketPlus,2024-10-23
PRD_000424,Marlow_Skincare_424,Beauty,Skincare,Marlow,40.1,29.66,5,4.1,376,ShopSmart_Official,2020-07-24
PRD_000425,Solace_Fitness_425,Sports,Fitness,Solace,382.61,176.21,30,3.5,518,PrimeSellers,2021-10-27
PRD_000426,Zenith_Makeup_426,Beauty,Makeup,Zenith,116.67,55.56,5,4.3,785,PrimeSellers,2025-02-19
PRD_000427,Zenith_Mobile_427,Electronics,Mobile,Zenith,1468.77,1012.4,5,3.7,90,PrimeSellers,2023-06-13
PRD_000428,Northfield_Cycling_428,Sports,Cycling,Northfield,149.67,101.68,15,4.0,1620,ShopSmart_Official,2022-01-07
PRD_000429,Solace_Cycling_429,Sports,Cycling,Solace,274.3,159.19,10,3.7,1067,TopDeals_Co,2024-02-13
PRD_000430,Marlow_Kitchen_430,Home,Kitchen,Marlow,315.32,173.56,5,3.6,1953,ShopSmart_Official,2022-04-07
PRD_000431,Nova_NonFiction_431,Books,NonFiction,Nova,7.98,4.58,5,4.3,1937,TopDeals_Co,2022-07-03
PRD_000432,Solace_Children_432,Books,Children,Solace,35.55,24.11,0,3.0,1771,ShopSmart_Official,2020-07-19
PRD_000433,Marlow_Fiction_433,Books,Fiction,Marlow,41.98,22.89,15,3.5,701,MarketPlus,2024-11-03
PRD_000434,Everline_Tools_434,Beauty,Tools,Everline,42.3,19.3,10,3.6,1765,TopDeals_Co,2020-03-08
PRD_000435,Pinegrove_Fragrance_435,Beauty,Fragrance,Pinegrove,31.21,17.39,0,4.5,1803,MarketPlus,2024-11-12
PRD_000436,Crestwood_Cycling_436,Sports,Cycling,Crestwood,130.08,94.56,15,4.9,373,ShopSmart_Official,2023-09-15
PRD_000437,Nova_Fragrance_437,Beauty,Fragrance,Nova,29.38,17.88,15,4.2,1980,TopDeals_Co,2020-10-15
PRD_000438,Quanta_Skincare_438,Beauty,Skincare,Quanta,59.55,36.16,20,4.4,1443,TopDeals_Co,2024-09-14
PRD_000439,Zenith_Kitchen_439,Home,Kitchen,Zenith,208.32,141.66,0,4.2,142,ShopSmart_Official,2025-07-09
PRD_000440,Northfield_Academic_440,Books,Academic,Northfield,50.03,32.51,15,3.1,1482,MarketPlus,2025-01-04
PRD_000441,Vireo_NonFiction_441,Books,NonFiction,Vireo,42.17,31.42,10,1.9,1275,MarketPlus,2020-11-06
PRD_000442,Urbanix_Haircare_442,Beauty,Haircare,Urbanix,44.7,25.28,20,3.7,208,ShopSmart_Official,2023-04-27
PRD_000443,Lumo_Camera_443,Electronics,Camera,Lumo,567.42,285.84,15,2.7,1786,ShopSmart_Official,2021-03-11
PRD_000444,Pinegrove_Haircare_444,Beauty,Haircare,Pinegrove,64.56,42.87,20,3.3,147,MarketPlus,2021-06-02
PRD_000445,Zenith_Mobile_445,Electronics,Mobile,Zenith,1155.17,865.31,25,3.7,343,PrimeSellers,2021-07-15
PRD_000446,Vireo_Women_446,Fashion,Women,Vireo,207.48,144.43,15,4.2,809,TopDeals_Co,2020-11-02
PRD_000447,Pinegrove_Bedding_447,Home,Bedding,Pinegrove,311.99,217.97,10,4.2,1447,TopDeals_Co,2020-03-16
PRD_000448,Quanta_Camera_448,Electronics,Camera,Quanta,1023.94,723.68,20,2.2,222,ValueMart,2020-06-21
PRD_000449,Crestwood_Team_Sports_449,Sports,Team_Sports,Crestwood,220.54,152.76,25,4.1,208,TopDeals_Co,2021-10-09
PRD_000450,Vireo_Decor_450,Home,Decor,Vireo,565.29,368.95,0,4.5,188,PartnerHub,2023-08-22
PRD_000451,Marlow_Fitness_451,Sports,Fitness,Marlow,171.04,107.77,0,3.5,1499,ValueMart,2025-06-06
PRD_000452,Pinegrove_Tools_452,Beauty,Tools,Pinegrove,105.49,73.35,0,3.7,1633,TopDeals_Co,2026-01-05
PRD_000453,Crestwood_Apparel_453,Sports,Apparel,Crestwood,28.46,18.54,0,4.2,1939,MarketPlus,2021-11-20
PRD_000454,Solace_Outdoor_454,Sports,Outdoor,Solace,168.45,102.15,5,2.1,1836,ShopSmart_Official,2021-04-20
PRD_000455,Crestwood_Comics_455,Books,Comics,Crestwood,16.35,10.84,15,3.2,496,PrimeSellers,2022-11-16
PRD_000456,Urbanix_Furniture_456,Home,Furniture,Urbanix,572.17,318.49,20,4.0,885,MarketPlus,2026-03-17
PRD_000457,Nova_Comics_457,Books,Comics,Nova,19.1,10.11,15,3.8,263,MarketPlus,2023-03-15
PRD_000458,Urbanix_Bedding_458,Home,Bedding,Urbanix,396.3,250.26,15,3.3,81,PartnerHub,2022-09-28
PRD_000459,Vireo_Laptop_459,Electronics,Laptop,Vireo,520.91,338.55,0,4.2,861,ValueMart,2025-11-16
PRD_000460,Pinegrove_Headphones_460,Electronics,Headphones,Pinegrove,1283.48,656.81,30,4.3,122,ValueMart,2022-08-21
PRD_000461,Crestwood_Tools_461,Beauty,Tools,Crestwood,86.1,42.96,10,4.6,1157,TopDeals_Co,2025-01-02
PRD_000462,Quanta_Tools_462,Beauty,Tools,Quanta,31.65,20.05,15,3.8,1688,PartnerHub,2026-03-11
PRD_000463,Solace_Footwear_463,Fashion,Footwear,Solace,144.08,98.66,30,4.1,347,ShopSmart_Official,2025-11-05
PRD_000464,Northfield_Team_Sports_464,Sports,Team_Sports,Northfield,207.88,93.73,0,3.7,580,ShopSmart_Official,2026-03-02
PRD_000465,Crestwood_Team_Sports_465,Sports,Team_Sports,Crestwood,201.96,94.79,5,4.5,1940,PartnerHub,2025-02-17
PRD_000466,Zenith_Accessories_466,Fashion,Accessories,Zenith,35.03,17.32,10,4.3,1410,ValueMart,2021-03-07
PRD_000467,Vireo_Fragrance_467,Beauty,Fragrance,Vireo,53.62,24.49,5,4.0,1520,ShopSmart_Official,2025-01-22
PRD_000468,Quanta_Bedding_468,Home,Bedding,Quanta,565.32,358.63,15,3.6,1637,TopDeals_Co,2022-10-03
PRD_000469,Urbanix_Footwear_469,Fashion,Footwear,Urbanix,42.14,26.12,5,3.6,460,PrimeSellers,2023-05-18
PRD_000470,Crestwood_Men_470,Fashion,Men,Crestwood,59.16,43.59,0,3.9,971,ValueMart,2024-05-12
PRD_000471,Marlow_Children_471,Books,Children,Marlow,38.46,27.86,30,4.1,1005,ShopSmart_Official,2023-12-22
PRD_000472,Nova_Mobile_472,Electronics,Mobile,Nova,218.32,130.02,10,4.6,1609,ShopSmart_Official,2020-08-25
PRD_000473,Urbanix_Laptop_473,Electronics,Laptop,Urbanix,436.17,317.55,0,2.6,181,PrimeSellers,2020-08-06
PRD_000474,Urbanix_Makeup_474,Beauty,Makeup,Urbanix,89.27,65.18,10,3.7,851,MarketPlus,2020-07-07
PRD_000475,Quanta_Comics_475,Books,Comics,Quanta,46.15,29.1,0,3.9,138,PartnerHub,2021-11-25
PRD_000476,Everline_Bedding_476,Home,Bedding,Everline,445.47,231.36,10,4.3,78,PartnerHub,2023-05-15
PRD_000477,Vireo_Kitchen_477,Home,Kitchen,Vireo,312.62,221.25,0,3.2,897,ValueMart,2025-08-22
PRD_000478,Crestwood_Headphones_478,Electronics,Headphones,Crestwood,296.61,219.95,15,4.1,1341,PartnerHub,2024-11-19
PRD_000479,Urbanix_Children_479,Books,Children,Urbanix,11.72,8.65,25,3.2,953,PartnerHub,2020-07-06
PRD_000480,Marlow_Comics_480,Books,Comics,Marlow,44.23,19.97,0,4.1,1141,ValueMart,2024-08-13
PRD_000481,Zenith_Storage_481,Home,Storage,Zenith,349.19,214.14,0,4.3,1906,PrimeSellers,2026-04-20
PRD_000482,Lumo_Apparel_482,Sports,Apparel,Lumo,309.06,205.5,20,4.2,954,PartnerHub,2024-03-15
PRD_000483,Quanta_Makeup_483,Beauty,Makeup,Quanta,38.26,27.48,20,2.8,297,ShopSmart_Official,2020-01-28
PRD_000484,Vireo_Cycling_484,Sports,Cycling,Vireo,159.9,91.94,0,4.7,208,ShopSmart_Official,2023-07-02
PRD_000485,Vireo_Headphones_485,Electronics,Headphones,Vireo,1265.14,644.82,0,2.2,1955,PartnerHub,2025-01-11
PRD_000486,Lumo_NonFiction_486,Books,NonFiction,Lumo,42.13,31.49,5,3.5,691,TopDeals_Co,2023-08-15
PRD_000487,Crestwood_Accessories_487,Electronics,Accessories,Crestwood,695.32,407.74,5,2.8,124,MarketPlus,2020-11-03
PRD_000488,Zenith_Men_488,Fashion,Men,Zenith,215.96,161.76,10,4.3,547,TopDeals_Co,2020-01-17
PRD_000489,Vireo_Kids_489,Fashion,Kids,Vireo,75.01,38.98,20,3.2,1397,ShopSmart_Official,2025-10-11
PRD_000490,Everline_Accessories_490,Fashion,Accessories,Everline,248.15,159.23,5,3.3,130,PrimeSellers,2023-08-24
PRD_000491,Crestwood_Fitness_491,Sports,Fitness,Crestwood,288.95,157.39,25,3.7,1272,ShopSmart_Official,2025-08-01
PRD_000492,Pinegrove_Comics_492,Books,Comics,Pinegrove,19.33,12.37,20,4.4,32,ShopSmart_Official,2022-03-24
PRD_000493,Urbanix_Skincare_493,Beauty,Skincare,Urbanix,84.63,50.53,0,4.7,834,PartnerHub,2025-08-19
PRD_000494,Urbanix_Headphones_494,Electronics,Headphones,Urbanix,1497.63,761.61,25,4.8,1384,TopDeals_Co,2025-01-06
PRD_000495,Crestwood_Headphones_495,Electronics,Headphones,Crestwood,1407.18,715.64,5,4.7,828,ValueMart,2020-07-10
PRD_000496,Everline_Accessories_496,Fashion,Accessories,Everline,215.0,148.67,5,4.5,1249,MarketPlus,2022-11-21
PRD_000497,Zenith_NonFiction_497,Books,NonFiction,Zenith,12.68,6.71,25,4.7,1457,PartnerHub,2024-12-25
PRD_000498,Nova_Accessories_498,Electronics,Accessories,Nova,1414.63,674.3,15,3.7,1114,TopDeals_Co,2026-02-13
PRD_000499,Pinegrove_Laptop_499,Electronics,Laptop,Pinegrove,680.85,315.33,0,4.6,727,PartnerHub,2020-12-03
PRD_000500,Vireo_Fitness_500,Sports,Fitness,Vireo,254.65,167.57,5,4.1,266,ValueMart,2025-02-19
